Magnitud,Lugar,Tipo_Magnitud,Longitud,Latitud,Profundidad,Fecha del sismo,Hora del sismo,ID_Pais
2.41,"3 km WSW of Fuig, Puerto Rico",md,-66.9463333333333,17.97,9.86,1970-01-20,07:52:18.935960,US
-0.85,"84 km NNW of Karluk, Alaska",ml,-155.136,58.237,-2.19,1970-01-20,07:52:18.925200,US
1.01,"2km E of Loma Linda, CA",ml,-117.2341667,34.0483333,16.33,1970-01-20,07:52:18.756020,US
2.12,"4 km WSW of Guánica, Puerto Rico",md,-66.9455,17.9505,9.86,1970-01-20,07:52:18.674230,US
0.76,"4km W of Cobb, CA",md,-122.7659988,38.8181648,1.72,1970-01-20,07:52:18.646070,US
0.85,"6km SW of Gilroy, CA",md,-121.6203333,36.973,5.03,1970-01-20,07:52:18.550500,US
1.6,"53 km WNW of Petersville, Alaska",ml,-151.7362,62.6674,103.2,1970-01-20,07:52:18.446198,US
2.21,"4 km WSW of Guánica, Puerto Rico",md,-66.9463333333333,17.954,9.24,1970-01-20,07:52:18.054210,US
0.35,"22 km S of West Yellowstone, Montana",md,-111.0675,44.4615,5.91,1970-01-20,07:52:17.979700,US
1.4,"9 km WNW of Houston, Alaska",ml,-149.974,61.6682,42.5,1970-01-20,07:52:17.917394,US
1.4,"3 km W of Mehama, Oregon",ml,-122.66566666666668,44.787,-0.48,1970-01-20,07:52:17.565380,US
1.11,"16km N of Tecate, B.C., MX",ml,-116.6555,32.713,17.4,1970-01-20,07:52:17.449730,US
4.2,"45 km NE of Bandar-e Lengeh, Iran",mb,55.1851,26.8687,10.0,1970-01-20,07:52:17.373142,US
1.3,"46 km NNW of Valdez, Alaska",ml,-146.593,61.5273,34.8,1970-01-20,07:52:17.179946,US
1.1,"12 km WNW of Ambler, Alaska",ml,-158.1209,67.1144,6.9,1970-01-20,07:52:16.585656,US
1.63,"28 km E of Honaunau-Napoopoo, Hawaii",md,-155.5915,19.4485,-0.91,1970-01-20,07:52:16.559650,US
-0.95,"74 km NW of Ninilchik, Alaska",ml,-152.770333333333,60.4275,12.18,1970-01-20,07:52:16.242900,US
-1.1,"29 km ESE of Port Heiden, Alaska",ml,-158.172833333333,56.8593333333333,0.37,1970-01-20,07:52:16.065470,US
1.49,"28 km NNW of P?hala, Hawaii",md,-155.593666666667,19.4318333333333,-1.6,1970-01-20,07:52:16.037450,US
2.39,"5 km SSW of Guánica, Puerto Rico",md,-66.9318333333333,17.9311666666667,8.03,1970-01-20,07:52:15.298040,US
1.5,western Texas,ml,-103.976052,31.60648735,9.473608398,1970-01-20,07:52:14.826534,US
1.16,"21km ESE of Little Lake, CA",ml,-117.6853333,35.8813333,4.54,1970-01-20,07:52:14.721860,US
0.8,"85 km NNW of Karluk, Alaska",ml,-155.1149,58.2529,3.5,1970-01-20,07:52:14.622613,US
2.1,"2 km NNW of Ninilchik, Alaska",ml,-151.6929,60.0726,57.9,1970-01-20,07:52:13.887114,US
0.95,"8km W of Cobb, CA",md,-122.8105011,38.8330002,1.65,1970-01-20,07:52:13.646380,US
0.95,"8km W of Cobb, CA",md,-122.810997,38.8334999,1.51,1970-01-20,07:52:13.600780,US
1.52,"20km ESE of Anza, CA",ml,-116.4778333,33.4753333,11.36,1970-01-20,07:52:13.388470,US
1.7,"48 km W of Anchor Point, Alaska",ml,-152.6841,59.7354,78.1,1970-01-20,07:52:13.358980,US
4.5,south of the Fiji Islands,mb,-179.5245,-23.3871,543.174,1970-01-20,07:52:13.195832,US
0.79,"8km WNW of Cobb, CA",md,-122.8096695,38.8361664,1.86,1970-01-20,07:52:12.776560,US
1.65,"9 km NE of Sunnyside, Washington",ml,-119.91533333333334,46.3795,-0.54,1970-01-20,07:52:12.015240,US
1.2,"20 km WNW of Skwentna, Alaska",ml,-151.7724,62.0575,94.2,1970-01-20,07:52:11.976110,US
0.63,"8km NW of The Geysers, CA",md,-122.8161697,38.8333321,1.88,1970-01-20,07:52:11.380850,US
1.88,"10 km E of P?hala, Hawaii",ml,-155.383666992188,19.220832824707,32.3899993896484,1970-01-20,07:52:11.350960,US
0.69,"8km NW of The Geysers, CA",md,-122.817337,38.8333321,1.76,1970-01-20,07:52:11.303460,US
0.31,"1km NE of The Geysers, CA",md,-122.7453308,38.7866669,1.88,1970-01-20,07:52:11.248740,US
1.7,"35 km WSW of Mentone, Texas",ml,-103.9577706,31.60838335,8.136791992,1970-01-20,07:52:11.165312,US
1.7,"35 km WSW of Mentone, Texas",ml,-103.9556072,31.60563244,9.884936523,1970-01-20,07:52:11.164976,US
1.6,"13 km N of Beluga, Alaska",ml,-151.0939,61.2643,57.8,1970-01-20,07:52:11.108022,US
1.39,"16km S of Ocotillo Wells, CA",ml,-116.108,33.0048333,-0.13,1970-01-20,07:52:11.104190,US
1.7,"75 km ESE of Denali National Park, Alaska",ml,-150.4582,63.1712,117.6,1970-01-20,07:52:10.727024,US
0.93,"4km W of Cobb, CA",md,-122.7633362,38.8264999,1.8,1970-01-20,07:52:10.612610,US
2.2,"115 km SE of Akutan, Alaska",ml,-164.4711,53.4362,18.4,1970-01-20,07:52:09.660704,US
1.53,"5km WSW of Niland, CA",ml,-115.5688333,33.2211667,3.89,1970-01-20,07:52:09.551870,US
2.59,"6km E of Round Valley, CA",md,-118.5338333,37.4171667,5.97,1970-01-20,07:52:09.432070,US
1.1,"12 km NNW of Cantwell, Alaska",ml,-149.0642,63.4866,93.5,1970-01-20,07:52:09.410899,US
1.45,"0km WSW of Brawley, CA",ml,-115.5336667,32.9776667,7.75,1970-01-20,07:52:09.378670,US
0.36,"7km NW of The Geysers, CA",md,-122.807663,38.8301659,4.47,1970-01-20,07:52:08.895580,US
-0.28,"33 km E of Port Heiden, Alaska",ml,-158.085333333333,56.9018333333333,3.71,1970-01-20,07:52:08.756070,US
0.24,Alaska Peninsula,ml,-155.130166666667,58.2383333333333,5.7,1970-01-20,07:52:08.661490,US
1.81,"6 km NW of Emery, Utah",md,-111.3018333,38.9686667,-2.2,1970-01-20,07:52:08.572690,US
0.51,"84 km NNW of Karluk, Alaska",ml,-155.1325,58.2395,6.1,1970-01-20,07:52:08.439960,US
0.44,"85 km NNW of Karluk, Alaska",ml,-155.139833333333,58.2395,5.18,1970-01-20,07:52:08.429220,US
0.41,"85 km NNW of Karluk, Alaska",ml,-155.017833333333,58.277,2.72,1970-01-20,07:52:08.318490,US
0.38,"85 km NNW of Karluk, Alaska",ml,-155.0135,58.2801666666667,2.64,1970-01-20,07:52:08.314330,US
0.23,"86 km NNW of Karluk, Alaska",ml,-155.017666666667,58.2831666666667,3.9,1970-01-20,07:52:08.303170,US
0.03,"85 km NNW of Karluk, Alaska",ml,-154.9965,58.2786666666667,2.38,1970-01-20,07:52:08.301150,US
0.27,"86 km NNW of Karluk, Alaska",ml,-155.017166666667,58.2811666666667,3.11,1970-01-20,07:52:08.111450,US
2.2,"63 km ESE of Ugashik, Alaska",ml,-156.3703,57.3742,88.4,1970-01-20,07:52:08.016454,US
1.82000005,"3 km S of P?hala, Hawaii",md,-155.484832763672,19.1698341369629,30.8099994659424,1970-01-20,07:52:07.883150,US
1.22,"12km NNE of Ocotillo Wells, CA",ml,-116.0935,33.2478333,9.28,1970-01-20,07:52:07.361310,US
2.0,"52 km SSE of Whites City, New Mexico",ml,-104.265474,31.71530275,7.288427734,1970-01-20,07:52:07.189152,US
2.1,"52 km SSE of Whites City, New Mexico",ml,-104.265731,31.71369276,7.262719727000001,1970-01-20,07:52:07.061305,US
2.14,"4 km WSW of Fuig, Puerto Rico",md,-66.9516666666667,17.9726666666667,6.67,1970-01-20,07:52:06.981120,US
1.1,"16 km N of Two Rivers, Alaska",ml,-147.0673,65.0163,0.0,1970-01-20,07:52:06.846222,US
1.2,"70 km NE of Denali National Park, Alaska",ml,-150.5585,63.9043,10.6,1970-01-20,07:52:06.448557,US
0.81,"17km ESE of Anza, CA",ml,-116.5035,33.4995,10.26,1970-01-20,07:52:06.367810,US
1.92,"8 km SSE of Maria Antonia, Puerto Rico",md,-66.8575,17.9078333333333,15.36,1970-01-20,07:52:06.101980,US
1.82,"27 km E of Honaunau-Napoopoo, Hawaii",md,-155.599333333333,19.4451666666667,-1.02,1970-01-20,07:52:05.792660,US
1.7,"80 km NW of Yakutat, Alaska",ml,-140.5966,60.1251,10.1,1970-01-20,07:52:05.715786,US
1.7,"46 km W of Anchor Point, Alaska",ml,-152.6419,59.8395,84.8,1970-01-20,07:52:05.626543,US
0.3,"42 km NW of Indian Springs, Nevada",ml,-116.0423,36.8091,6.3,1970-01-20,07:52:05.044412,US
0.83,"3km SW of Anderson Springs, CA",md,-122.715332,38.7601662,1.79,1970-01-20,07:52:04.797080,US
1.53,"27 km E of Honaunau-Napoopoo, Hawaii",md,-155.601166666667,19.4611666666667,-0.78,1970-01-20,07:52:04.653940,US
1.6,"62 km W of Happy Valley, Alaska",ml,-152.8471,60.0339,90.1,1970-01-20,07:52:04.544957,US
1.47,"6km S of Mojave, CA",ml,-118.1828333,34.9973333,-0.85,1970-01-20,07:52:04.469030,US
1.75,"10 km E of P?hala, Hawaii",md,-155.379333496094,19.2198333740234,31.9599990844727,1970-01-20,07:52:03.615480,US
1.41,"21 km N of P?hala, Hawaii",md,-155.454666666667,19.3936666666667,8.38,1970-01-20,07:52:03.440900,US
1.28,"28 km E of Honaunau-Napoopoo, Hawaii",md,-155.5925,19.4413333333333,-2.03,1970-01-20,07:52:03.427340,US
1.6,"71 km SE of Unalaska, Alaska",ml,-165.8737,53.3693,25.6,1970-01-20,07:52:03.331531,US
1.33,"7km SSE of Home Gardens, CA",ml,-117.4821667,33.826,-0.53,1970-01-20,07:52:03.072590,US
3.1,"90 km SSW of Unalaska, Alaska",ml,-166.8794,53.0918,35.0,1970-01-20,07:52:02.292080,US
1.49,"27 km E of Honaunau-Napoopoo, Hawaii",md,-155.601833333333,19.4616666666667,-1.55,1970-01-20,07:52:01.869330,US
1.87,"5 km WSW of Guánica, Puerto Rico",md,-66.9545,17.947,9.66,1970-01-20,07:52:01.186950,US
0.47,"8km WNW of Cobb, CA",md,-122.810997,38.8404999,2.06,1970-01-20,07:52:01.106910,US
2.05,"4 km SSW of Indios, Puerto Rico",md,-66.8428333333333,17.9563333333333,16.3,1970-01-20,07:52:01.068340,US
4.3,"30 km WSW of F?rs?n, Iran",mb,50.2736,32.1274,10.0,1970-01-20,07:52:00.884734,US
1.0,Colorado,ml,-104.483,37.2979,5.0,1970-01-20,07:52:00.508595,US
0.99,"92 km W of Adak, Alaska",ml,-177.9695,51.8525,1.62,1970-01-20,07:52:00.470990,US
2.69,"23 km ESE of Naalehu, Hawaii",ml,-155.374496459961,18.9833335876465,6.3899998664856,1970-01-20,07:52:00.426490,US
2.38,"7 km E of P?hala, Hawaii",ml,-155.406326293945,19.1908340454102,29.9799995422363,1970-01-20,07:52:00.424040,US
1.1,"57 km S of Denali National Park, Alaska",ml,-151.5743,63.0318,4.9,1970-01-20,07:52:00.292123,US
-0.41,"26 km W of Dutch Harbor, Alaska",ml,-166.946833333333,53.8746666666667,8.64,1970-01-20,07:52:00.195180,US
1.9,"86 km NNW of Karluk, Alaska",ml,-155.1787,58.2415,110.0,1970-01-20,07:51:59.845547,US
1.84,"Island of Hawaii, Hawaii",md,-155.599833333333,19.4543333333333,-0.39,1970-01-20,07:51:59.704930,US
1.62,"21km ESE of Little Lake, CA",ml,-117.6791667,35.8855,5.94,1970-01-20,07:51:59.512430,US
4.5,"99 km NNE of Isangel, Vanuatu",mb,169.5341,-18.6779,7.897,1970-01-20,07:51:59.466545,US
1.42,"28 km E of Honaunau-Napoopoo, Hawaii",md,-155.590666666667,19.4423333333333,-1.4,1970-01-20,07:51:59.400540,US
1.59,"5km WSW of Niland, CA",ml,-115.5725,33.221,4.23,1970-01-20,07:51:59.329660,US
1.4,"2 km SW of Houston, Alaska",ml,-149.8588,61.6147,31.0,1970-01-20,07:51:59.059050,US
1.05,"12km SE of Tehachapi, CA",ml,-118.3448333,35.0611667,-1.01,1970-01-20,07:51:58.872580,US
4.7,"44 km NE of Bandar-e Lengeh, Iran",mb,55.1998,26.8375,10.0,1970-01-20,07:51:58.690128,US
4.2,"Pagan region, Northern Mariana Islands",mb,145.7079,18.7651,162.008,1970-01-20,07:51:58.266920,US
4.4,"105 km N of Isangel, Vanuatu",mb,169.3062,-18.5849,9.986,1970-01-20,07:51:57.675619,US
0.64,"4km NW of The Geysers, CA",md,-122.7856674,38.8014984,3.55,1970-01-20,07:51:57.499270,US
-0.06,"2km E of The Geysers, CA",md,-122.7353333,38.7753333,2.07,1970-01-20,07:51:57.418930,US
2.6,"218 km WSW of Adak, Alaska",ml,-179.3466,50.8813,12.321,1970-01-20,07:51:57.306679,US
1.57,"4 km WSW of Guánica, Puerto Rico",md,-66.944,17.9513333333333,8.63,1970-01-20,07:51:57.079570,US
2.0,"56 km NW of Toyah, Texas",ml,-104.2800829,31.60491943,6.48050944,1970-01-20,07:51:56.987213,US
1.33,"28 km E of Honaunau-Napoopoo, Hawaii",md,-155.596166666667,19.4368333333333,-1.79,1970-01-20,07:51:56.890800,US
1.0,"73 km ESE of Denali Park, Alaska",ml,-147.4806,63.5692,3.9,1970-01-20,07:51:56.191343,US
2.1,"2 km W of Point MacKenzie, Alaska",ml,-150.0173,61.3608,36.5,1970-01-20,07:51:55.814939,US
4.5,"99 km N of Isangel, Vanuatu",mb,169.4277,-18.6562,10.012,1970-01-20,07:51:55.710339,US
1.7,"41 km S of Adak, Alaska",ml,-176.5387,51.5092,46.5,1970-01-20,07:51:55.679870,US
1.8,"52 km ENE of Pedro Bay, Alaska",ml,-153.199,59.9174,108.4,1970-01-20,07:51:55.457229,US
-0.21,Alaska Peninsula,ml,-155.017666666667,58.2815,3.18,1970-01-20,07:51:55.314280,US
4.5,Vanuatu,mb,169.4121,-18.6471,16.019,1970-01-20,07:51:55.246844,US
1.56,"Island of Hawaii, Hawaii",md,-155.598666666667,19.4373333333333,-1.61,1970-01-20,07:51:54.875660,US
1.46,"19km NW of Parkfield, CA",md,-120.5821667,36.0183333,3.84,1970-01-20,07:51:54.762260,US
1.24,"13km SE of Bodfish, CA",ml,-118.394,35.5076667,5.9,1970-01-20,07:51:54.126490,US
1.5,"34 km ESE of Cordova, Alaska",ml,-145.1547,60.4677,8.6,1970-01-20,07:51:54.126117,US
1.9,"17 km SSE of Susitna North, Alaska",ml,-149.7513,62.0117,47.8,1970-01-20,07:51:53.992911,US
1.7,"65 km SE of Cantwell, Alaska",ml,-148.1476,62.9324,55.0,1970-01-20,07:51:52.726380,US
0.92,"7km WNW of Cobb, CA",md,-122.802002,38.8343315,2.18,1970-01-20,07:51:52.598540,US
1.90999997,"11 km ENE of P?hala, Hawaii",md,-155.382659912109,19.2504997253418,32.060001373291,1970-01-20,07:51:51.977650,US
1.8,"55 km SE of Adak, Alaska",ml,-176.0797,51.514,21.8,1970-01-20,07:51:51.647962,US
0.7,"81 km ENE of Kobuk, Alaska",ml,-155.2594,67.2716,3.0,1970-01-20,07:51:51.613433,US
2.0,Southern Alaska,ml,-152.4406,60.9537,117.8,1970-01-20,07:51:51.379604,US
1.2,northern Alaska,ml,-147.7995,65.8005,11.9,1970-01-20,07:51:51.005764,US
0.85,"9km W of Big Bear Lake, CA",ml,-117.0075,34.2398333,9.23,1970-01-20,07:51:50.977270,US
0.39,Alaska Peninsula,ml,-155.013833333333,58.2818333333333,2.96,1970-01-20,07:51:50.800330,US
1.6,"46 km W of Tyonek, Alaska",ml,-151.9826,61.1324,92.6,1970-01-20,07:51:50.674742,US
2.6,"110 km N of Lavrentiya, Russia",ml,-171.28,66.5754,28.1,1970-01-20,07:51:50.513928,US
2.7,"119 km SE of Nikolski, Alaska",ml,-167.3968,52.337,10.0,1970-01-20,07:51:50.253076,US
1.3,"54 km NNE of Petersville, Alaska",ml,-150.5577,62.9717,84.9,1970-01-20,07:51:50.200767,US
4.3,"2 km E of Naic, Philippines",mb,120.7874,14.3193,137.447,1970-01-20,07:51:50.088714,US
2.18000007,"9 km ENE of P?hala, Hawaii",md,-155.405502319336,19.2471675872803,30.6900005340576,1970-01-20,07:51:50.064840,US
1.1,"139 km WNW of Yakutat, Alaska",ml,-141.7992,60.2403,7.1,1970-01-20,07:51:50.015798,US
2.4,"55 km SW of Port Clarence, Alaska",ml,-167.811,64.968,2.3,1970-01-20,07:51:49.729037,US
1.2,"5 km SW of Houston, Alaska",ml,-149.8822,61.5964,44.0,1970-01-20,07:51:49.499912,US
1.02,"5km NW of The Geysers, CA",md,-122.8066667,38.805,1.51,1970-01-20,07:51:49.417680,US
2.0,"84 km SSW of Unalaska, Alaska",ml,-166.8459,53.1362,25.6,1970-01-20,07:51:49.300972,US
2.4,"70 km W of Akhiok, Alaska",ml,-155.3213,56.8437,10.7,1970-01-20,07:51:49.277088,US
2.6099999,"2 km SE of P?hala, Hawaii",md,-155.460830688477,19.1908340454102,32.9000015258789,1970-01-20,07:51:49.014430,US
1.9,"7 km SSE of Willow, Alaska",ml,-149.9616,61.6871,35.8,1970-01-20,07:51:48.878339,US
1.13,"12km E of Ocotillo Wells, CA",ml,-116.0083333,33.1631667,4.28,1970-01-20,07:51:48.836730,US
1.85,"12km NNW of Ocotillo, CA",ml,-116.0381667,32.8353333,8.86,1970-01-20,07:51:48.731720,US
3.82,"12km NNW of Ocotillo, CA",mw,-116.0403333,32.8361667,10.46,1970-01-20,07:51:48.509660,US
4.1,Fiji region,mb,-178.2524,-20.0168,571.35,1970-01-20,07:51:48.465595,US
1.44,"28 km E of Honaunau-Napoopoo, Hawaii",md,-155.594833333333,19.4383333333333,-1.6,1970-01-20,07:51:47.887300,US
2.1,"46 km WNW of Akhiok, Alaska",ml,-154.8259,57.1556,51.9,1970-01-20,07:51:47.671871,US
0.62,"3km SE of Lake Henshaw, CA",ml,-116.736,33.2263333,11.23,1970-01-20,07:51:47.547910,US
1.67,"29 km NNW of P?hala, Hawaii",md,-155.535666666667,19.4623333333333,2.7,1970-01-20,07:51:47.069980,US
1.3,"8 km ENE of Big Lake, Alaska",ml,-149.8037,61.5463,46.7,1970-01-20,07:51:47.038052,US
1.12,"5km W of Cobb, CA",md,-122.7853317,38.8224983,1.64,1970-01-20,07:51:46.814820,US
2.7,"36 km WSW of Mentone, Texas",ml,-103.9658675,31.61479245,6.697143555000001,1970-01-20,07:51:46.789587,US
2.1,"19 km WNW of Mentone, Texas",ml,-103.7790529,31.78483427,7.674047852000001,1970-01-20,07:51:46.664034,US
3.4,"334 km W of Adak, Alaska",ml,178.5359,51.6803,94.859,1970-01-20,07:51:46.636193,US
1.9,"73 km SW of Adak, Alaska",ml,-177.5008,51.4846,34.3,1970-01-20,07:51:46.336329,US
4.4,"62 km NW of Port-Vila, Vanuatu",mb,167.8863,-17.3465,22.585,1970-01-20,07:51:45.972278,US
-0.01,"84 km NNW of Karluk, Alaska",ml,-155.139833333333,58.2335,3.74,1970-01-20,07:51:45.956500,US
0.86,"5km NW of The Geysers, CA",md,-122.8045,38.8048333,1.27,1970-01-20,07:51:45.162300,US
2.6,"Fox Islands, Aleutian Islands, Alaska",ml,-166.8644,53.1191,35.0,1970-01-20,07:51:45.109384,US
0.3,"60 km WNW of Beatty, Nevada",ml,-117.4148,37.0564,9.1,1970-01-20,07:51:44.735931,US
1.4,"33 km WNW of Petersville, Alaska",ml,-151.3698,62.5966,96.1,1970-01-20,07:51:44.122997,US
1.4,"27 km SSE of Mina, Nevada",ml,-118.037,38.1485,9.2,1970-01-20,07:51:43.966134,US
1.4,"17 km ESE of Fox River, Alaska",ml,-150.6736,59.7913,43.1,1970-01-20,07:51:43.715782,US
1.6,"85 km SSW of Unalaska, Alaska",ml,-166.8482,53.13,24.2,1970-01-20,07:51:43.710186,US
2.09,"2 km S of Liborio Negron Torres, Puerto Rico",md,-66.9388333333333,18.0225,17.6,1970-01-20,07:51:43.701900,US
0.66,"7km W of Morongo Valley, CA",ml,-116.657,34.0353333,6.34,1970-01-20,07:51:43.303440,US
1.6,"56 km S of False Pass, Alaska",ml,-163.511,54.3527,59.6,1970-01-20,07:51:43.171264,US
2.0,"71 km ENE of Pedro Bay, Alaska",ml,-152.9935,60.1043,112.8,1970-01-20,07:51:42.968338,US
2.13000011,"10 km NE of P?hala, Hawaii",md,-155.404495239258,19.2674999237061,32.0900001525879,1970-01-20,07:51:42.837030,US
1.4,"5 km W of Skwentna, Alaska",ml,-151.5074,61.9882,83.8,1970-01-20,07:51:42.769791,US
1.6,"51 km ENE of Furnace Creek, California",ml,-116.32,36.6113,9.0,1970-01-20,07:51:42.682687,US
2.11,"4km ENE of Yucaipa, CA",ml,-117.0016667,34.0463333,13.78,1970-01-20,07:51:42.456570,US
1.6,"84 km SSW of Unalaska, Alaska",ml,-166.8326,53.1398,21.9,1970-01-20,07:51:42.351162,US
2.0,"55 km W of Salamatof, Alaska",ml,-152.3225,60.6914,95.4,1970-01-20,07:51:42.290810,US
1.0,"49 km NW of Tatitlek, Alaska",ml,-147.4248,61.1258,11.5,1970-01-20,07:51:41.849710,US
1.5,"113 km NNE of Arctic Village, Alaska",ml,-144.5252,69.0787,0.9,1970-01-20,07:51:41.734716,US
0.68,"12km WNW of Anza, CA",ml,-116.8036667,33.5828333,7.66,1970-01-20,07:51:41.555460,US
5.1,"76 km SE of Burica, Panama",mww,-82.3984,7.5315,15.803,1970-01-20,07:51:41.447484,US
1.01,"22km ESE of Anza, CA",ml,-116.4576667,33.4701667,12.78,1970-01-20,07:51:41.425430,US
1.86,"28 km W of Volcano, Hawaii",md,-155.501666666667,19.4903333333333,4.1,1970-01-20,07:51:41.128500,US
2.3,"30 km NW of Susitna, Alaska",ml,-150.8987,61.7486,68.6,1970-01-20,07:51:41.078673,US
1.4,"33 km SSE of Cantwell, Alaska",ml,-148.6658,63.118,80.8,1970-01-20,07:51:41.070432,US
2.0,"43 km E of Pedro Bay, Alaska",ml,-153.3336,59.7947,111.0,1970-01-20,07:51:40.870953,US
1.1,"89 km S of Nikolai, Alaska",ml,-154.1909,62.2183,11.3,1970-01-20,07:51:40.381557,US
2.15,"12km SSW of Borrego Springs, CA",ml,-116.4373333,33.166,13.25,1970-01-20,07:51:40.364300,US
1.64,"11km SSW of Borrego Springs, CA",ml,-116.434,33.168,13.0,1970-01-20,07:51:40.331950,US
4.8,"12 km ESE of Aitape, Papua New Guinea",mb,142.4524,-3.1696,38.574,1970-01-20,07:51:40.075275,US
1.92,"4km ENE of Yucaipa, CA",ml,-117.0011667,34.0451667,13.49,1970-01-20,07:51:40.044770,US
1.9,"100 km ESE of Akutan, Alaska",ml,-164.2871,53.9311,22.7,1970-01-20,07:51:39.989426,US
0.7,"16 km ENE of Beatty, Nevada",ml,-116.5821,36.9487,2.9,1970-01-20,07:51:39.579770,US
1.3,"17 km NE of Beluga, Alaska",ml,-150.8632,61.2578,64.6,1970-01-20,07:51:39.234037,US
1.1,"3 km SW of Willow, Alaska",ml,-150.0773,61.7194,53.1,1970-01-20,07:51:39.215856,US
4.8,south of the Kermadec Islands,mb,-178.4483,-33.0275,10.0,1970-01-20,07:51:38.901570,US
0.8,Nevada,ml,-119.5511,41.9634,0.0,1970-01-20,07:51:38.744696,US
2.08999991,"20 km SSW of Leilani Estates, Hawaii",md,-154.987670898438,19.2931671142578,40.9799995422363,1970-01-20,07:51:38.710400,US
1.2,"4 km E of Big Lake, Alaska",ml,-149.8786,61.5251,38.8,1970-01-20,07:51:38.524076,US
1.3,"32 km NNW of Susitna, Alaska",ml,-150.7156,61.8186,65.0,1970-01-20,07:51:38.372291,US
1.7,"84 km SSW of Unalaska, Alaska",ml,-166.8461,53.1362,25.5,1970-01-20,07:51:38.187924,US
1.9,"84 km SSW of Unalaska, Alaska",ml,-166.8515,53.1365,25.5,1970-01-20,07:51:37.533686,US
3.3,"84 km SSW of Unalaska, Alaska",ml,-166.8698,53.146,35.0,1970-01-20,07:51:37.045706,US
3.2,"59 km WNW of Nanwalek, Alaska",ml,-152.8378,59.6138,94.1,1970-01-20,07:51:36.780348,US
1.9,"24 km W of Volcano, Hawaii",md,-155.459333333333,19.484,5.96,1970-01-20,07:51:36.644240,US
1.94,"5km NW of Mira Loma, CA",ml,-117.5598333,34.0203333,11.25,1970-01-20,07:51:36.606820,US
2.2,"56 km SSE of Adak, Alaska",ml,-176.4685,51.3731,24.0,1970-01-20,07:51:36.574363,US
1.2,"13 km SE of Lincoln, Montana",ml,-112.5448,46.8845,10.0,1970-01-20,07:51:36.478321,US
2.06,"27 km E of Honaunau-Napoopoo, Hawaii",md,-155.599666666667,19.4346666666667,-1.55,1970-01-20,07:51:36.477890,US
2.3,"85 km SSW of Unalaska, Alaska",ml,-166.8421,53.1296,25.6,1970-01-20,07:51:36.357594,US
0.87,"2km WSW of Anderson Springs, CA",md,-122.7091675,38.7708321,1.32,1970-01-20,07:51:36.344720,US
2.2,"86 km SSW of Unalaska, Alaska",ml,-166.7963,53.1146,25.4,1970-01-20,07:51:36.340603,US
1.3,"10 km WNW of Beluga, Alaska",ml,-151.2501,61.1807,68.9,1970-01-20,07:51:35.952981,US
4.8,"82 km SSW of Unalaska, Alaska",mb,-166.8719,53.1645,43.662,1970-01-20,07:51:35.940371,US
0.94,"7km WNW of Cobb, CA",md,-122.8005,38.8393333,2.04,1970-01-20,07:51:35.877870,US
1.9,"45 km WNW of Anchor Point, Alaska",ml,-152.6175,59.8815,101.3,1970-01-20,07:51:35.779303,US
1.03,"11km SSW of Borrego Springs, CA",ml,-116.4323333,33.1675,14.12,1970-01-20,07:51:35.685750,US
1.74,"12km SSW of Borrego Springs, CA",ml,-116.4333333,33.1646667,14.69,1970-01-20,07:51:35.575530,US
2.42,"3 km ESE of La Parguera, Puerto Rico",md,-67.0158333333333,17.9578333333333,8.54,1970-01-20,07:51:35.545500,US
2.16,"7 km SW of Corinne, Utah",ml,-112.177,41.5065,6.6,1970-01-20,07:51:35.531860,US
2.3,"64 km N of Karluk, Alaska",ml,-154.4786,58.1473,90.4,1970-01-20,07:51:35.472610,US
1.5,"43 km SSW of Cordova, Alaska",ml,-146.1569,60.2068,27.4,1970-01-20,07:51:34.574927,US
0.95,"5km NW of Little Lake, CA",ml,-117.9518333,35.9621667,4.28,1970-01-20,07:51:34.360740,US
2.0,Southern Alaska,ml,-146.4426,61.4922,30.6,1970-01-20,07:51:34.177797,US
2.5,"1 km SE of Guánica, Puerto Rico",md,-66.8975,17.9608333333333,11.68,1970-01-20,07:51:34.173010,US
4.5,"34 km WNW of Aitape, Papua New Guinea",mb,142.0909,-2.9689,38.542,1970-01-20,07:51:33.934305,US
0.71,"4km W of Borrego Springs, CA",ml,-116.4196667,33.2621667,5.07,1970-01-20,07:51:33.872100,US
1.17,"17km NW of Parkfield, CA",md,-120.5661667,36.0008333,2.36,1970-01-20,07:51:33.509700,US
1.4,"11 km SSW of Tyonek, Alaska",ml,-151.2431,60.9786,66.9,1970-01-20,07:51:33.153420,US
2.39,"4 km WSW of Guánica, Puerto Rico",md,-66.9456666666667,17.9501666666667,9.46,1970-01-20,07:51:33.131160,US
0.95,"15km E of Lake Isabella, CA",ml,-118.3071667,35.6018333,9.48,1970-01-20,07:51:32.925960,US
1.18,"8km NNE of Black Point-Green Point, CA",md,-122.477,38.1841667,10.09,1970-01-20,07:51:32.894630,US
0.1,"8 km SSW of Chelan Falls, Washington",ml,-120.04333333333334,47.735166666666665,3.63,1970-01-20,07:51:32.777240,US
1.09,"11km ENE of Ocotillo Wells, CA",ml,-116.0343333,33.1956667,8.64,1970-01-20,07:51:32.623530,US
1.07,"10km NE of Ocotillo Wells, CA",ml,-116.0375,33.196,8.51,1970-01-20,07:51:32.595790,US
5.4,central Mid-Atlantic Ridge,mww,-19.9024,-0.5028,10.0,1970-01-20,07:51:32.563580,US
1.23,"17 km SSE of Waynoka, Oklahoma",ml,-98.791,36.43983333,7.97,1970-01-20,07:51:32.515810,US
1.1,"56 km ENE of Whittier, Alaska",ml,-147.7361,60.9912,3.9,1970-01-20,07:51:32.084540,US
1.1,"11 km NNE of Silver Springs, Nevada",ml,-119.18,39.5105,0.0,1970-01-20,07:51:31.980172,US
0.88,"15km E of Lake Isabella, CA",ml,-118.3106667,35.6036667,9.54,1970-01-20,07:51:31.916320,US
0.75,"13 km NW of Pawnee, Oklahoma",ml,-96.9205,36.41516667,3.72,1970-01-20,07:51:31.839939,US
1.5,"15 km SSE of Anchorage, Alaska",ml,-149.7645,61.0955,35.4,1970-01-20,07:51:31.739697,US
1.9,"57 km W of Happy Valley, Alaska",ml,-152.7447,60.0241,100.9,1970-01-20,07:51:31.524699,US
1.1,"56 km ENE of Whittier, Alaska",ml,-147.7387,60.9831,9.0,1970-01-20,07:51:31.325585,US
2.0,"39 km WNW of Clam Gulch, Alaska",ml,-152.0681,60.3442,81.1,1970-01-20,07:51:31.234232,US
4.7,Tonga region,mb,-172.2403,-18.0279,10.0,1970-01-20,07:51:31.185204,US
2.07,"3 km WNW of Jobos, Puerto Rico",md,-66.1931666666667,17.9611666666667,16.91,1970-01-20,07:51:31.156320,US
2.02,"4km ESE of Tres Pinos, CA",md,-121.2856667,36.773,8.42,1970-01-20,07:51:31.129320,US
1.2,"48 km SSW of Cantwell, Alaska",ml,-149.4191,63.0132,72.4,1970-01-20,07:51:31.052466,US
2.59,"2 km SE of Guánica, Puerto Rico",md,-66.8908333333333,17.9511666666667,13.15,1970-01-20,07:51:31.021120,US
1.22,"27 km E of Honaunau-Napoopoo, Hawaii",md,-155.602333333333,19.4508333333333,-0.95,1970-01-20,07:51:30.872060,US
0.0,"56 km N of Indian Springs, Nevada",ml,-115.7643,37.0726,5.8,1970-01-20,07:51:30.767284,US
4.4,"146 km ENE of Naze, Japan",mb,130.879,28.8566,17.952,1970-01-20,07:51:30.535733,US
1.94000006,"13 km SE of P?hala, Hawaii",md,-155.391006469727,19.1176662445068,30.1700000762939,1970-01-20,07:51:30.433220,US
1.09,"5km NW of The Geysers, CA",md,-122.8063333,38.8058333,1.54,1970-01-20,07:51:30.387290,US
1.1,"6 km NNW of Point MacKenzie, Alaska",ml,-150.0384,61.406,47.9,1970-01-20,07:51:30.321498,US
2.1,"63 km E of Port Alsworth, Alaska",ml,-153.1793,60.1321,135.4,1970-01-20,07:51:30.172671,US
4.2,south of the Kermadec Islands,mb,-178.2842,-33.0445,10.0,1970-01-20,07:51:30.115444,US
2.2,"39 km W of Petersville, Alaska",ml,-151.535,62.4926,95.8,1970-01-20,07:51:29.970133,US
4.8,"76 km SSE of Hihifo, Tonga",mb,-173.4674,-16.5695,70.975,1970-01-20,07:51:29.937132,US
2.0,"9 km ENE of P?hala, Hawaii",md,-155.393325805664,19.24049949646,30.7999992370605,1970-01-20,07:51:29.570940,US
2.1,Southern Alaska,ml,-152.9797,60.7494,158.7,1970-01-20,07:51:29.506227,US
1.28,"47 km ESE of West Yellowstone, Montana",md,-110.5743333,44.4595,3.82,1970-01-20,07:51:29.055240,US
0.49,"48 km ESE of West Yellowstone, Montana",md,-110.569,44.4566667,2.52,1970-01-20,07:51:29.047130,US
2.2,"34 km ENE of Pedro Bay, Alaska",ml,-153.5343,59.8958,144.1,1970-01-20,07:51:28.590289,US
0.66,"6km W of Cobb, CA",md,-122.7898333,38.8223333,0.94,1970-01-20,07:51:28.140440,US
1.1,"15 km NNW of Eureka Roadhouse, Alaska",ml,-147.3146,62.0621,38.5,1970-01-20,07:51:28.100774,US
1.77,"28 km E of Honaunau-Napoopoo, Hawaii",md,-155.5905,19.4703333333333,-1.04,1970-01-20,07:51:27.565410,US
1.84,"11km S of Mariposa, CA",md,-119.989,37.3868333,15.74,1970-01-20,07:51:27.365270,US
1.8,"95 km W of Adak, Alaska",ml,-178.021,51.8438,4.0,1970-01-20,07:51:27.292024,US
0.7,"34 km WSW of Rachel, Nevada",ml,-116.0915,37.511,7.5,1970-01-20,07:51:27.276007,US
1.1,"23 km SE of Susitna North, Alaska",ml,-149.515,62.0277,45.9,1970-01-20,07:51:26.983054,US
1.34,"8 km WSW of Minco, Oklahoma",ml,-98.02416667,35.28016667,6.47,1970-01-20,07:51:26.874130,US
0.9,"56 km S of Shungnak, Alaska",ml,-157.3326,66.389,20.1,1970-01-20,07:51:26.710478,US
2.2,"124 km S of Unalaska, Alaska",ml,-166.669,52.7549,4.8,1970-01-20,07:51:26.632925,US
1.4,"4 km E of Silverdale, Washington",ml,-122.63666666666668,47.6505,24.67,1970-01-20,07:51:26.568650,US
2.43,"7 km NNW of Ridgely, Tennessee",md,-89.5231666666667,36.3198333333333,9.04,1970-01-20,07:51:26.459210,US
1.3,"28 km NW of Susitna, Alaska",ml,-150.9313,61.7088,68.5,1970-01-20,07:51:26.423233,US
1.3,"7 km E of Willow, Alaska",ml,-149.8866,61.7512,53.3,1970-01-20,07:51:26.170426,US
0.9,"34 km SW of Mina, Nevada",ml,-118.3591,38.153,12.3,1970-01-20,07:51:25.714651,US
2.1,"64 km WNW of Nanwalek, Alaska",ml,-152.9801,59.572,99.6,1970-01-20,07:51:25.522822,US
4.5,south of the Fiji Islands,mb,-179.7547,-23.466,528.817,1970-01-20,07:51:25.502417,US
2.2,"23 km WSW of Port Lions, Alaska",ml,-153.2629,57.8183,61.7,1970-01-20,07:51:25.276762,US
4.4,south of the Fiji Islands,mb,-179.711,-23.8333,497.186,1970-01-20,07:51:25.274113,US
1.05,"17km NE of Borrego Springs, CA",ml,-116.2316667,33.3525,10.1,1970-01-20,07:51:25.067070,US
1.61,"8km NNE of San Simeon, CA",md,-121.1415,35.704,7.01,1970-01-20,07:51:24.923320,US
1.4,"14 km WNW of Beluga, Alaska",ml,-151.329,61.2003,62.6,1970-01-20,07:51:24.755719,US
1.13,"7km SW of Pearblossom, CA",ml,-117.958,34.4566667,8.63,1970-01-20,07:51:23.934160,US
1.9,"44 km SE of False Pass, Alaska",ml,-162.8605,54.6173,6.7,1970-01-20,07:51:23.667691,US
2.37,"7 km WSW of Guánica, Puerto Rico",md,-66.9765,17.9451666666667,11.71,1970-01-20,07:51:23.463650,US
5.1,"southwest of Sumatra, Indonesia",mww,100.7331,-5.0322,10.0,1970-01-20,07:51:23.382286,US
1.6,"40 km WSW of Skwentna, Alaska",ml,-152.1333,61.869,119.1,1970-01-20,07:51:23.368923,US
2.06,"2 km WSW of P?hala, Hawaii",ml,-155.497161865234,19.1944999694824,36.6800003051758,1970-01-20,07:51:23.277140,US
2.0,"25 km W of Volcano, Hawaii",md,-155.473166666667,19.4768333333333,1.49,1970-01-20,07:51:23.192010,US
1.3,"7 km S of Willow, Alaska",ml,-150.0546,61.6826,39.6,1970-01-20,07:51:23.133349,US
1.19,"15km E of Seven Trees, CA",md,-121.6731667,37.3063333,6.73,1970-01-20,07:51:23.126230,US
2.19,"4 km WSW of Guánica, Puerto Rico",md,-66.9435,17.951,9.93,1970-01-20,07:51:23.100780,US
1.85,"2 km SSW of P?hala, Hawaii",ml,-155.488159179688,19.1805000305176,34.8499984741211,1970-01-20,07:51:22.860080,US
2.1,"9 km E of P?hala, Hawaii",ml,-155.38932800293,19.1944999694824,33.1399993896484,1970-01-20,07:51:22.620810,US
2.06,Puerto Rico region,md,-66.942,17.9533333333333,9.64,1970-01-20,07:51:22.332420,US
4.7,"147 km WNW of Neiafu, Tonga",mb,-175.1932,-17.9871,194.071,1970-01-20,07:51:22.224742,US
1.87,"4 km SW of P?hala, Hawaii",md,-155.506500244141,19.1679992675781,34.5999984741211,1970-01-20,07:51:22.183750,US
1.8,"Kenai Peninsula, Alaska",ml,-151.339,59.7541,56.6,1970-01-20,07:51:22.083011,US
3.2,"273 km ESE of Attu Station, Alaska",ml,176.7985,51.7779,10.042,1970-01-20,07:51:22.019994,US
2.28999996,"4 km SSW of P?hala, Hawaii",md,-155.487670898438,19.1613330841064,33.9199981689453,1970-01-20,07:51:21.947290,US
2.5,"153 km S of False Pass, Alaska",ml,-163.4251,53.4792,10.0,1970-01-20,07:51:21.915119,US
3.73,"Island of Hawaii, Hawaii",ml,-155.497166666667,19.1763333333333,35.56,1970-01-20,07:51:21.750420,US
2.09,"4 km SW of Guánica, Puerto Rico",md,-66.9413333333333,17.9428333333333,11.51,1970-01-20,07:51:21.182520,US
3.4,"5 km SW of Luis Lopez, New Mexico",ml,-106.9296,33.9604,8.984,1970-01-20,07:51:21.024833,US
2.6,"3 km SW of Luis Lopez, New Mexico",ml,-106.9149,33.9704,5.61,1970-01-20,07:51:20.510901,US
1.6,"69 km ESE of McCarthy, Alaska",ml,-141.7692,61.1452,7.5,1970-01-20,07:51:20.263491,US
0.4,"7km NW of The Geysers, CA",md,-122.8026667,38.824,2.67,1970-01-20,07:51:20.100190,US
2.01,"Island of Hawaii, Hawaii",ml,-155.439333333333,19.4826666666667,-0.69,1970-01-20,07:51:19.585640,US
0.7,"6 km ENE of Coleville, California",ml,-119.4368,38.589,7.5,1970-01-20,07:51:19.248757,US
1.2,"63 km N of Chase, Alaska",ml,-150.0604,63.0201,83.8,1970-01-20,07:51:19.137470,US
2.52,"4 km WSW of Guánica, Puerto Rico",md,-66.9443333333333,17.9613333333333,9.54,1970-01-20,07:51:19.116320,US
1.6,"31 km NW of Susitna, Alaska",ml,-150.9068,61.7586,64.5,1970-01-20,07:51:18.903061,US
0.91,"6km NW of The Geysers, CA",md,-122.8030014,38.8233337,2.52,1970-01-20,07:51:18.771530,US
1.83,"Island of Hawaii, Hawaii",md,-155.3755,19.4631666666667,1.46,1970-01-20,07:51:18.226320,US
1.1,"28 km ENE of Wiseman, Alaska",ml,-149.4817,67.4841,14.0,1970-01-20,07:51:18.120386,US
4.2,Banda Sea,mb,125.7873,-4.408,411.071,1970-01-20,07:51:17.759149,US
0.8,"2km N of Colton, CA",ml,-117.3113333,34.0878333,15.57,1970-01-20,07:51:17.748020,US
1.69,"Island of Hawaii, Hawaii",md,-155.456666666667,19.4318333333333,8.12,1970-01-20,07:51:17.688230,US
4.2,"26 km NW of Muisne, Ecuador",mb,-80.1899,0.7774,10.0,1970-01-20,07:51:17.548422,US
1.2,"25 km NW of Valdez, Alaska",ml,-146.7456,61.2604,15.0,1970-01-20,07:51:17.209216,US
1.8,"21 km WSW of Aleneva, Alaska",ml,-153.2606,58.0126,47.5,1970-01-20,07:51:17.202362,US
1.0,"5 km ESE of Houston, Alaska",ml,-149.7146,61.6163,40.7,1970-01-20,07:51:16.675523,US
1.07,"14km NNE of Pine Mountain Club, CA",ml,-119.0975,34.9608333,15.72,1970-01-20,07:51:16.212680,US
0.94,"6km W of Cobb, CA",md,-122.7975006,38.8276672,2.52,1970-01-20,07:51:16.063930,US
1.1,"43 km SSE of Denali National Park, Alaska",ml,-151.3327,63.1951,3.4,1970-01-20,07:51:15.614453,US
-0.1,"61 km WNW of Beatty, Nevada",ml,-117.3728,37.1617,0.0,1970-01-20,07:51:15.454283,US
1.68,"26 km W of Volcano, Hawaii",md,-155.481333333333,19.4875,2.93,1970-01-20,07:51:14.369960,US
1.46,"7km W of Calimesa, CA",ml,-117.1331667,33.9885,14.89,1970-01-20,07:51:14.314420,US
0.9,"64 km ESE of Denali Park, Alaska",ml,-147.7008,63.5343,17.3,1970-01-20,07:51:13.975125,US
1.3,"20 km N of Glacier View, Alaska",ml,-147.6312,61.9941,34.1,1970-01-20,07:51:13.884907,US
0.92,"8km W of Cobb, CA",md,-122.8168335,38.8349991,1.68,1970-01-20,07:51:13.348760,US
1.73,"6 km NE of Yauco, Puerto Rico",md,-66.8108333333333,18.075,3.08,1970-01-20,07:51:13.262760,US
2.1,"22km WNW of El Sauzal, B.C., MX",ml,-116.9068333,31.9453333,13.28,1970-01-20,07:51:12.528250,US
2.1500001,"5 km SSE of P?hala, Hawaii",md,-155.467163085938,19.155834197998,31.9799995422363,1970-01-20,07:51:12.441260,US
4.2,"Andreanof Islands, Aleutian Islands, Alaska",mb,-175.2908,51.7102,49.363,1970-01-20,07:51:12.067873,US
0.8300000000000001,"8 km SSW of Nile, Washington",ml,-120.9945,46.758,0.26,1970-01-20,07:51:11.331580,US
1.74,"10km NE of Ocotillo Wells, CA",ml,-116.0645,33.215,9.01,1970-01-20,07:51:11.201220,US
0.2,"43 km N of Gabbs, Nevada",ml,-117.9571,39.2583,6.4,1970-01-20,07:51:11.116088,US
4.9,"192 km ENE of Miyako, Japan",mb,143.9081,40.4901,10.0,1970-01-20,07:51:10.480065,US
4.5,Tonga region,mb,-175.12,-22.4311,10.0,1970-01-20,07:51:10.239647,US
0.99,"15km E of Coso Junction, CA",ml,-117.7806667,36.037,1.76,1970-01-20,07:51:10.053730,US
0.4,"20km WSW of Toms Place, CA",md,-118.8741667,37.474,2.48,1970-01-20,07:51:09.832410,US
0.95,"9km WSW of Lytle Creek, CA",ml,-117.5841667,34.2236667,6.8,1970-01-20,07:51:09.506670,US
1.2,"44 km S of Nelchina, Alaska",ml,-146.6058,61.6,22.4,1970-01-20,07:51:09.160674,US
1.33,"6km ESE of Pleasanton, CA",md,-121.814,37.631,7.32,1970-01-20,07:51:08.884850,US
1.59,"28km SSW of Ocotillo Wells, CA",ml,-116.244,32.911,6.51,1970-01-20,07:51:08.769330,US
2.45,"Island of Hawaii, Hawaii",md,-155.587,19.4745,-1.22,1970-01-20,07:51:08.623670,US
1.74,"30 km E of Honaunau-Napoopoo, Hawaii",md,-155.578666666667,19.4776666666667,-1.75,1970-01-20,07:51:07.992930,US
4.5,"232 km NNW of Tobelo, Indonesia",mb,126.9551,3.5457,87.592,1970-01-20,07:51:06.834543,US
1.25,"2 km SSE of Cimarron City, Oklahoma",ml,-97.59116667,35.87333333,5.4,1970-01-20,07:51:06.761969,US
2.3,"243 km WSW of Adak, Alaska",ml,179.9028,51.4758,9.1,1970-01-20,07:51:06.706566,US
2.2,"72 km ESE of Egegik, Alaska",ml,-156.3357,57.869,131.9,1970-01-20,07:51:06.526408,US
4.1,South Indian Ocean,mb,52.6247,-37.1851,10.0,1970-01-20,07:51:06.474611,US
1.5,"67 km ESE of New Allakaket, Alaska",ml,-151.3214,66.2479,7.0,1970-01-20,07:51:06.418190,US
1.3,Alaska Peninsula,ml,-155.5072,57.9224,13.8,1970-01-20,07:51:05.909571,US
4.8,"off the east coast of Honshu, Japan",mb,143.8448,40.5151,10.0,1970-01-20,07:51:05.818451,US
1.5,"5 km SW of Point Possession, Alaska",ml,-150.7651,60.8901,45.3,1970-01-20,07:51:05.137126,US
4.3,"1 km ESE of Los Reyes de Salgado, Mexico",mb,-102.4621,19.5875,10.0,1970-01-20,07:51:05.012901,US
2.9,"80 km NNE of Cruz Bay, U.S. Virgin Islands",ml,-64.4488,18.9796,10.0,1970-01-20,07:51:04.960874,US
1.48,"13km WNW of Lake Pillsbury, CA",md,-123.1011667,39.4338333,-0.53,1970-01-20,07:51:04.608660,US
1.1,"31 km NNE of Petersville, Alaska",ml,-150.5541,62.7645,87.9,1970-01-20,07:51:04.557672,US
2.03,"6 km SSW of Tallaboa, Puerto Rico",md,-66.748,17.9466666666667,8.87,1970-01-20,07:51:04.530560,US
-0.23,"85 km NW of Karluk, Alaska",ml,-155.346833333333,58.1663333333333,0.11,1970-01-20,07:51:04.507800,US
1.4,"28 km WNW of Petersville, Alaska",ml,-151.2734,62.5882,93.5,1970-01-20,07:51:03.975863,US
0.4,"33 km SE of Goldfield, Nevada",ml,-117.0033,37.4686,15.0,1970-01-20,07:51:03.687228,US
1.38,"28 km E of Honaunau-Napoopoo, Hawaii",md,-155.597666666667,19.4586666666667,-0.94,1970-01-20,07:51:02.864810,US
0.8,"2 km ENE of Big Lake, Alaska",ml,-149.9036,61.5265,41.6,1970-01-20,07:51:02.541524,US
4.2,Kermadec Islands region,mb,-176.9476,-27.2543,71.994,1970-01-20,07:51:02.532750,US
1.7,"60 km WSW of Tanana, Alaska",ml,-153.17,64.8795,5.8,1970-01-20,07:51:02.444229,US
0.53,"5km SE of Loma Linda, CA",ml,-117.2225,34.0196667,11.54,1970-01-20,07:51:02.194960,US
2.7,"192 km SSE of Unalaska, Alaska",ml,-165.7879,52.2035,21.984,1970-01-20,07:51:02.012451,US
1.3,"35 km WSW of Petersville, Alaska",ml,-151.353,62.3361,87.9,1970-01-20,07:51:01.436184,US
1.5,"26 km WSW of Cantwell, Alaska",ml,-149.4208,63.2869,85.3,1970-01-20,07:51:00.578432,US
1.9,"62 km SE of Akutan, Alaska",ml,-165.0717,53.7516,37.7,1970-01-20,07:51:00.372166,US
1.9,"54 km SW of Adak, Alaska",ml,-177.2055,51.5395,56.5,1970-01-20,07:51:00.323425,US
1.7,"42 km W of Nanwalek, Alaska",ml,-152.6688,59.3357,72.2,1970-01-20,07:51:00.312206,US
2.1,Southern Alaska,ml,-150.5557,61.7212,51.6,1970-01-20,07:51:00.145899,US
4.3,"48 km WSW of Vallenar, Chile",mb,-71.1716,-28.8136,35.0,1970-01-20,07:50:59.958593,US
2.26,"27 km E of Honaunau-Napoopoo, Hawaii",md,-155.600833333333,19.456,-1.09,1970-01-20,07:50:59.737710,US
1.57,"13km ESE of Hidden Valley Lake, CA",md,-122.4276667,38.7528333,6.59,1970-01-20,07:50:59.696640,US
1.23,"13km SSW of Toms Place, CA",md,-118.7586667,37.4643333,3.03,1970-01-20,07:50:59.654460,US
1.0,Southern Alaska,ml,-149.3811,61.4634,31.6,1970-01-20,07:50:59.214339,US
1.6,"2km SSE of Parkfield, CA",md,-120.4215,35.8771667,6.42,1970-01-20,07:50:58.460880,US
1.52,"3 km NNE of Okeene, Oklahoma",ml,-98.306,36.15016667,3.15,1970-01-20,07:50:58.268119,US
1.1,"43 km ENE of Whittier, Alaska",ml,-147.9997,60.9719,25.7,1970-01-20,07:50:58.255372,US
1.2,"121 km NW of Yakutat, Alaska",ml,-141.3164,60.2936,0.0,1970-01-20,07:50:58.112600,US
1.0,"74 km WNW of Ninilchik, Alaska",ml,-152.7948,60.4204,13.3,1970-01-20,07:50:57.911766,US
2.0,"114 km WSW of Adak, Alaska",ml,-178.1493,51.4557,32.9,1970-01-20,07:50:57.911161,US
0.26,"4km NNW of The Geysers, CA",md,-122.7741667,38.8056667,1.47,1970-01-20,07:50:56.717530,US
1.8,western Texas,ml,-103.9623539,31.61089691,8.830908202999998,1970-01-20,07:50:56.499849,US
0.9,"1 km ESE of Panaca, Nevada",ml,-114.3683,37.7864,0.0,1970-01-20,07:50:56.494427,US
0.9,"5 km ENE of Panaca, Nevada",ml,-114.3323,37.8192,2.0,1970-01-20,07:50:56.403257,US
1.6,"37 km WSW of Mentone, Texas",ml,-103.9828915,31.63197253,6.568603515999999,1970-01-20,07:50:56.386302,US
1.08,"3km SSE of Lake Henshaw, CA",ml,-116.7443333,33.2181667,11.46,1970-01-20,07:50:56.247220,US
0.27,"83 km NW of Karluk, Alaska",ml,-155.276166666667,58.1823333333333,2.19,1970-01-20,07:50:56.228780,US
1.0,Southern Alaska,ml,-150.3019,61.187,11.2,1970-01-20,07:50:55.984852,US
3.9,"12 km SW of Taupo, New Zealand",mb,175.9706,-38.7548,12.556,1970-01-20,07:50:55.980993,US
1.2,"113 km WNW of Yakutat, Alaska",ml,-141.5253,60.0176,8.8,1970-01-20,07:50:55.856006,US
1.43,"27 km ENE of Honaunau-Napoopoo, Hawaii",md,-155.623166666667,19.543,6.66,1970-01-20,07:50:55.488430,US
1.24,"20km ESE of Little Lake, CA",ml,-117.6978333,35.876,9.42,1970-01-20,07:50:55.420990,US
1.17,"2km ENE of The Geysers, CA",md,-122.7336655,38.784832,1.83,1970-01-20,07:50:55.319450,US
2.12,"21 km WNW of Volcano, Hawaii",md,-155.429666666667,19.4943333333333,-0.42,1970-01-20,07:50:55.117540,US
4.0,"29 km NW of Pakokku, Myanmar",mb,94.8626,21.5043,146.092,1970-01-20,07:50:54.842012,US
-0.26,"85 km NNW of Karluk, Alaska",ml,-155.145333333333,58.246,3.31,1970-01-20,07:50:54.837290,US
1.62,"3 km E of Battle Ground, Washington",ml,-122.49,45.78533333333333,-1.02,1970-01-20,07:50:54.689480,US
1.8,"70 km E of Sand Point, Alaska",ml,-159.4087,55.222,13.2,1970-01-20,07:50:54.534302,US
-0.56,"84 km NW of Karluk, Alaska",ml,-155.288333333333,58.1806666666667,1.75,1970-01-20,07:50:54.074970,US
1.3,"Kenai Peninsula, Alaska",ml,-151.9648,60.4998,75.6,1970-01-20,07:50:53.554437,US
4.3,"85 km W of Sungai Penuh, Indonesia",mb,100.6292,-2.1324,75.853,1970-01-20,07:50:53.372052,US
0.58,"13km WNW of Anza, CA",ml,-116.8048333,33.6056667,7.02,1970-01-20,07:50:53.343300,US
2.25,"Island of Hawaii, Hawaii",md,-155.49299621582,19.1651668548584,35.2599983215332,1970-01-20,07:50:53.236960,US
